source_page_url,source_page_title,item_type,rank,name,description,verdict,address,price,neighborhood_or_area,item_url,booking_or_activity_url,related_timeout_url,image_url,notes,lat,lng,geocode_provider,geocode_query
https://www.timeout.com/lisbon/things-to-do/the-best-things-to-do-in-lisbon,The best things to do in Lisbon: a local's guide for 2026,bakery,1,Eat a pastel de nata at Manteigaria,Classic Lisbon custard tart stop in a preserved 1900 building; go when the bell signals a fresh warm batch.,The one thing you can't miss,"Rua do Loreto 2, 1200-241",Tarts around EUR1.30-EUR1.50 each,Chiado / multiple Lisbon branches,https://manteigaria.com/en/,https://activities.timeout.com/lisbon-l42/lisbon-pastel-de-nata-masterclass-inside-a-real-bakery-t366760/?ranking_uuid=0aed225f-c372-4843-b250-cd0488c870c0,https://www.timeout.com/lisbon/restaurants/eat-like-a-local-in-lisbon,https://media.timeout.com/images/106204579/750/422/image.jpg,"Time Out notes additional branches at Time Out Market, Baixa, Campo de Ourique, Belem, Parque das Nacoes, and Alvalade.",38.710764,-9.144062,Nominatim,"Rua do Loreto 2, 1200-241, Lisboa, Portugal"
https://www.timeout.com/lisbon/things-to-do/the-best-things-to-do-in-lisbon,The best things to do in Lisbon: a local's guide for 2026,viewpoint,2,Take in the views from Miradouro das Portas do Sol,"Free Alfama viewpoint over the Tagus and nearby monuments, with a bar and weekend DJ atmosphere.",The best free thing to do in Lisbon,"Largo Portas do Sol, 1100-411",,Alfama,https://www.timeout.com/lisbon/attractions/the-best-viewpoints-in-lisbon,https://activities.timeout.com/lisbon-l42/viewing-points-tc238/,https://www.timeout.com/lisbon/attractions/the-best-viewpoints-in-lisbon,https://media.timeout.com/images/106319707/750/422/image.jpg,Good for sunset photos and a low-cost first Lisbon stop.,38.712376,-9.130765,Nominatim,"Largo Portas do Sol, 1100-411, Lisboa, Portugal"
https://www.timeout.com/lisbon/things-to-do/the-best-things-to-do-in-lisbon,The best things to do in Lisbon: a local's guide for 2026,food hall,3,Try the best food in town at Time Out Market Lisboa,"Large food hall in Mercado da Ribeira with Time Out-curated restaurants, produce stalls, music, and Lisbon favorites.",The best foodie experience in the city,"Mercado da Ribeira, Av. 24 de Julho 49, 1200-479",,Cais do Sodre,https://www.timeout.com/time-out-market-lisboa,,https://www.timeout.com/time-out-market-lisboa/restaurants,https://media.timeout.com/images/106184898/750/422/image.jpg,Time Out highlights Manteigaria Silva as a strong first stop inside the market.,38.706994,-9.145693,Photon,"Mercado da Ribeira, Av. 24 de Julho 49, 1200-479, Lisboa, Portugal"
https://www.timeout.com/lisbon/things-to-do/the-best-things-to-do-in-lisbon,The best things to do in Lisbon: a local's guide for 2026,music venue,4,Listen to fado at Mesa de Frades,"Azulejo-lined former chapel turned fado house, with live music most nights and dinner-or-late-drink options.",The best local experience in Lisbon,"R. dos Remedios 139, 1100-453",EUR65 set dinner,Alfama,https://www.timeout.com/lisbon/music/the-best-places-to-listen-to-fado-in-lisbon,https://activities.timeout.com/lisbon-l42/fado-shows-tc273/,https://www.timeout.com/lisbon/music/the-best-places-to-listen-to-fado-in-lisbon,https://media.timeout.com/images/106254678/750/422/image.jpg,Booking is recommended for dinner; later drinks may be possible from around 11:45pm.,38.713039,-9.126087,Nominatim,"R. dos Remedios 139, 1100-453, Lisboa, Portugal"
https://www.timeout.com/lisbon/things-to-do/the-best-things-to-do-in-lisbon,The best things to do in Lisbon: a local's guide for 2026,museum,5,Discover old treasures at the Museu Nacional de Arte Antiga,"Major Portuguese ancient art museum with painting, sculpture, goldsmithing, decorative arts, and national treasures.",The best museum in Lisbon,Rua das Janelas Verdes 1249-017,Around EUR8-EUR10,Janelas Verdes,https://www.timeout.com/lisbon/museums/the-best-lisbon-museums,https://activities.timeout.com/lisbon-l42/museums-exhibitions-tc132/,https://www.timeout.com/lisbon/museums/the-best-lisbon-museums,https://media.timeout.com/images/106165773/750/422/image.jpg,Noted works include Bosch's The Temptations of St. Anthony and the Panels of St. Vincent.,38.705576,-9.160171,Nominatim,"Rua das Janelas Verdes 1249-017, Lisboa, Portugal"
https://www.timeout.com/lisbon/things-to-do/the-best-things-to-do-in-lisbon,The best things to do in Lisbon: a local's guide for 2026,rooftop bar,6,Drink with a view at Catch Me,"Rooftop bar and restaurant beside the National Museum of Ancient Art, known for Tagus views, cocktails, and sunset DJ sets.",Lisbon's best rooftop bar,"Jardim 9 de Abril, 1200-736",Cocktails EUR10-EUR14; beer and wine around EUR4-EUR8,Janelas Verdes,https://www.instagram.com/catchme.lisboa/?locale=en_EN&hl=ru,,https://www.timeout.com/lisbon/bars-and-pubs/best-rooftop-bars-in-lisbon,https://media.timeout.com/images/105998977/750/422/image.jpg,Successor to the long-loved Le Chat terrace location.,38.704322,-9.163747,Photon,"Jardim 9 de Abril, 1200-736, Lisboa, Portugal"
https://www.timeout.com/lisbon/things-to-do/the-best-things-to-do-in-lisbon,The best things to do in Lisbon: a local's guide for 2026,restaurant,7,Have a traditional Portuguese tavern lunch at Vida de Tasca,Small traditional Portuguese tavern run by a chef focused on home-style cooking and classic tasca dishes.,The most underrated thing to do in Lisbon,"R. Moniz Barreto 7, 1700-306",Around EUR10-EUR30 per head,Alvalade / Areeiro area,https://www.timeout.com/lisbon/restaurants/the-best-lisbon-restaurants,https://activities.timeout.com/lisbon-l42/local-food-tours-tc532/,https://www.timeout.com/lisbon/restaurants/the-best-lisbon-restaurants,https://media.timeout.com/images/106190434/750/422/image.jpg,"Recommended dishes include bitoque, alheira with greens, salt cod fritters, and jug wine.",38.747827,-9.137344,Nominatim,"R. Moniz Barreto 7, 1700-306, Lisboa, Portugal"
https://www.timeout.com/lisbon/things-to-do/the-best-things-to-do-in-lisbon,The best things to do in Lisbon: a local's guide for 2026,cemetery,8,See the graves of the greats at Prazeres Cemetery,"Romantic-era cemetery with private mausoleums, notable Lisbon figures, a chapel, museum center, and guided tour potential.",Lisbon's best outdoor activity,"Praca Sao Joao Bosco, 1350-297",Free to visit,Prazeres / Campo de Ourique,https://www.timeout.com/lisbon/attractions/prazeres-cemetery,https://activities.timeout.com/lisbon-l42/cemetery-tours-tc198/,https://www.timeout.com/lisbon/attractions/prazeres-cemetery,https://media.timeout.com/images/106255481/750/422/image.jpg,Final stop of tram 28.,38.714196,-9.169860,Nominatim,"Praca Sao Joao Bosco, 1350-297, Lisboa, Portugal"
https://www.timeout.com/lisbon/things-to-do/the-best-things-to-do-in-lisbon,The best things to do in Lisbon: a local's guide for 2026,shop,9,Sample Portuguese cosmetics at Benamor,Historic Portuguese beauty brand with photogenic Lisbon stores and a signature face cream formula dating to 1925.,Our favourite shop in Lisbon,"Rua do Loreto 6, 1200-284",,Chiado branch; also Principe Real and LX Factory,https://benamor1925.com/,,https://www.timeout.com/lisbon/shopping/the-best-shops-in-lisbon,https://media.timeout.com/images/106137534/750/422/image.jpg,The Nata range is inspired by pastel de nata flavors.,38.710653,-9.144483,Nominatim,"Rua do Loreto 6, 1200-284, Lisboa, Portugal"
https://www.timeout.com/lisbon/things-to-do/the-best-things-to-do-in-lisbon,The best things to do in Lisbon: a local's guide for 2026,aquarium,10,Take the kids to the Lisbon Oceanarium,"Large aquarium from the Expo 1998 site with a major permanent exhibition, temporary displays, activities, and outreach events.",The best kids' activity in Lisbon,"Esplanada Dom Carlos I, 1990-005",EUR25 adults; EUR15 kids,Parque das Nacoes,https://www.timeout.com/lisbon/attractions/lisbon-oceanarium,https://activities.timeout.com/lisbon-oceanarium-l3591/,https://www.timeout.com/lisbon/things-to-do/best-things-to-do-with-kids-in-lisbon,https://media.timeout.com/images/105713580/750/422/image.jpg,Time Out flags activities such as sleeping with the sharks.,38.762233,-9.093951,Nominatim,"Esplanada Dom Carlos I, 1990-005, Lisboa, Portugal"
https://www.timeout.com/lisbon/things-to-do/the-best-things-to-do-in-lisbon,The best things to do in Lisbon: a local's guide for 2026,beach,11,Have a beach day in Costa da Caparica,"Accessible 10km coastline south of Lisbon with beaches such as Cova do Vapor, Sao Joao, and CDS.",The best beaches near Lisbon,"Costa da Caparica, 2825-412",Free to visit,Costa da Caparica,https://www.timeout.com/lisbon/attractions/the-most-beautiful-lisbon-beaches,,https://www.timeout.com/lisbon/attractions/the-most-beautiful-lisbon-beaches,https://media.timeout.com/images/103925822/750/422/image.jpg,Time Out suggests spring for fewer crowds; reachable by bus or short taxi from central Lisbon.,38.640619,-9.233990,Nominatim,"Costa da Caparica, 2825-412, Lisboa, Portugal"
https://www.timeout.com/lisbon/things-to-do/the-best-things-to-do-in-lisbon,The best things to do in Lisbon: a local's guide for 2026,nightclub,12,Dance until dawn at Lux Fragil,"Famous Lisbon nightclub with two dance floors, a river-view terrace, resident DJs, and international guests.",The best club in Lisbon (for dancing all night),"Av. Infante Dom Henrique, Armazem A, 1950-376",,Sao Vicente,https://www.timeout.com/lisbon/nightlife/lux-fragil,,https://www.timeout.com/lisbon/nightlife/the-best-lisbon-clubs,https://media.timeout.com/images/105602511/750/422/image.jpg,Watching sunrise from the terrace is Time Out's key tip.,38.747448,-9.104673,Photon,"Av. Infante Dom Henrique, Armazem A, 1950-376, Lisboa, Portugal"
https://www.timeout.com/lisbon/things-to-do/the-best-things-to-do-in-lisbon,The best things to do in Lisbon: a local's guide for 2026,bookshop,13,Buy a book at the oldest bookshop in the world,"Visit Bertrand Chiado, the original branch of the long-running Portuguese bookshop chain, open since 1732.",Best for history buffs,"R. Garrett 73-75, 1200-203",,Chiado,https://www.bertrand.pt/online/livraria-bertrand-do-chiado?srsltid=AfmBOooYkDcwQ7feAMog2jx6HaULlNkIq3cKXSixJ1HIYB39CrHcvwUF,,,https://media.timeout.com/images/103569791/750/422/image.jpg,Recognized by Guinness World Records as the world's oldest bookshop; includes a cafe room.,38.710597,-9.141960,Nominatim,"R. Garrett 73-75, 1200-203, Lisboa, Portugal"
https://www.timeout.com/lisbon/things-to-do/the-best-things-to-do-in-lisbon,The best things to do in Lisbon: a local's guide for 2026,shop,14,Shop for tinned fish at Conserveira de Lisboa,"Historic 1930 canned-fish shop with colorful tins of sardines, tuna, anchovies, fish paste, and in-house brands.",The very best Lisbon souvenir,"R. dos Bacalhoeiros 34, 1100-070",,Baixa / riverfront,https://www.timeout.com/lisbon/shopping/conserveira-de-lisboa,,https://www.timeout.com/lisbon/shopping/conserveira-de-lisboa,https://media.timeout.com/images/105926702/750/422/image.jpg,"House brands include Tricana, Prata do Mar, and Minor.",38.709316,-9.134733,Nominatim,"R. dos Bacalhoeiros 34, 1100-070, Lisboa, Portugal"
https://www.timeout.com/lisbon/things-to-do/the-best-things-to-do-in-lisbon,The best things to do in Lisbon: a local's guide for 2026,museum,15,See an impressive contemporary art exhibition at MAC,"Belem museum formed from merged institutions, focused on major 20th- and 21st-century art movements.",Lisbon's best art gallery,"Rua Serpa Pinto 4, 1200-444",Typically EUR8-EUR10; free for kids,Belem,https://www.timeout.com/lisbon/museums/berardo-collection-museum,http://attractions.timeout.com/en/11312/tours/Lisbon/Museu-Colecao-Berardo-Admission-Ticket/d538-66807P1,https://www.timeout.com/lisbon/museums/berardo-collection-museum,https://media.timeout.com/images/106245235/750/422/image.jpg,"Time Out notes Place of Being: The Burle Marx Legacy runs until April 5, 2026.",38.708836,-9.141183,Nominatim,"Rua Serpa Pinto 4, 1200-444, Lisboa, Portugal"
https://www.timeout.com/lisbon/things-to-do/the-best-things-to-do-in-lisbon,The best things to do in Lisbon: a local's guide for 2026,boat tour,16,Sail along the Tagus with Oceanscape,River and sea tour operator using a converted traditional Portuguese fishing boat for a more unusual Tagus experience.,The most unusual experience in Lisbon,Boats generally dock from the Doca de Belem marina,,Belem / Tagus River,https://oceanscape.pt/,,,https://media.timeout.com/images/105898111/750/422/image.jpg,Time Out highlights the chance for a dip near Cascais.,38.694353,-9.204254,Nominatim,Doca de Belem marina Lisbon Portugal
https://www.timeout.com/lisbon/things-to-do/the-best-things-to-do-in-lisbon,The best things to do in Lisbon: a local's guide for 2026,flea market,17,Grab a bargain at Feira da Ladra,"Long-running flea market in Campo de Santa Clara with antiques, second-hand finds, vintage clothing, crafts, murals, and Tagus views.",The city's best market,"Campo de Santa Clara, 1100-472",,Sao Vicente,https://www.timeout.com/lisbon/things-to-do/feira-da-ladra,,https://www.timeout.com/lisbon/things-to-do/feira-da-ladra,https://media.timeout.com/images/106368769/750/422/image.jpg,Go early on Tuesdays or Saturdays and be ready to haggle.,38.715734,-9.125560,Nominatim,"Campo de Santa Clara, 1100-472, Lisboa, Portugal"
https://www.timeout.com/lisbon/things-to-do/the-best-things-to-do-in-lisbon,The best things to do in Lisbon: a local's guide for 2026,cultural complex,18,Stroll around LX Factory,"Repurposed factory complex with markets, exhibitions, shops, cafes, concerts, parties, salons, tattoo studios, and rooftop drinks.",A unique attraction in Lisbon,"R. Rodrigues de Faria 103, 1300-501 Lisbon",,Alcantara,https://www.timeout.com/lisbon/attractions/lx-factory,https://activities.timeout.com/lisbon-l42/red-rose-tuk-tuk-tour-t605536/?ranking_uuid=c056f36c-e768-4842-971e-83e2ccebd35a,https://www.timeout.com/lisbon/attractions/lx-factory,https://media.timeout.com/images/105303325/750/422/image.jpg,Weekly market on Sundays.,38.702810,-9.178672,Nominatim,"R. Rodrigues de Faria 103, 1300-501 Lisbon"
https://www.timeout.com/lisbon/hotels/the-coolest-hotels-in-lisbon,The coolest hotels in Lisbon right now,hotel,3,AlmaLusa Alfama,"Boutique stay in Alfama with 25 rooms in a historic 12th-century building, local character, river views in some suites, and easy access to central sights.",Hotel under EUR175/night; 4 out of 5 stars,"Rua dos Bacalhoeiros, nº 16, Lisboa, 1100-070",Starting from EUR125 per night,Santa Maria Maior / Alfama,https://www.timeout.com/lisbon/hotels/almalusa-alfama,https://www.booking.com/hotel/pt/almalusa-alfama.en-gb.html?aid=336004&label=the-coolest-hotels-in-lisbon,https://www.timeout.com/lisbon/hotels,https://media.timeout.com/images/106325118/750/422/image.jpg,Closest transport: Terreiro do Paco station is a few minutes' walk. Time Out tip: try tram 12 for a quieter route toward Sao Jorge Castle.,38.708984,-9.132719,Nominatim,"Rua dos Bacalhoeiros, nº 16, Lisboa, 1100-070"
https://www.timeout.com/lisbon/hotels/the-coolest-hotels-in-lisbon,The coolest hotels in Lisbon right now,hotel,4,Hotel Hotel,"Trendy central hotel near Avenida da Liberdade with compact quiet rooms, a subtropical courtyard, pool, yoga studio, tattoo parlour, and Animal restaurant.",Hotel under EUR175/night; 4 out of 5 stars,Travessa da Gloria nº22 Lisboa 1250-118,EUR161 per room for two adults per night,Avenida da Liberdade,https://www.timeout.com/lisbon/hotels/hotel-hotel-review,https://www.booking.com/hotel/pt/hotelhotel.en-gb.html?aid=336004&label=the-coolest-hotels-in-lisbon,https://www.timeout.com/lisbon/hotels,https://media.timeout.com/images/106137867/750/422/image.jpg,"Closest transport: Restauradores metro is less than a 5-minute walk. Time Out tip: morning yoga classes are available, with private sessions as an alternative.",38.717092,-9.143898,Nominatim,Travessa da Gloria nº22 Lisboa 1250-118
https://www.timeout.com/lisbon/hotels/the-coolest-hotels-in-lisbon,The coolest hotels in Lisbon right now,hotel,5,Mama Shelter Lisbon,"Playful Principe Real hotel with small doubles, a rooftop bar, busy restaurant, local design touches, and a good base for Avenida da Liberdade and Jardim Botanico.",Hotel under EUR175/night; 4 out of 5 stars,"R. do Vale de Pereiro 19, 1250-270 Lisboa, Portugal",Low season from EUR126 per room per night; high season from EUR155,Principe Real,https://www.timeout.com/lisbon/hotels/mama-shelter-lisbon,https://www.booking.com/hotel/pt/mama-lisboa.en-gb.html?aid=336004&label=the-coolest-hotels-in-lisbon,https://www.timeout.com/lisbon/hotels,https://media.timeout.com/images/106144269/750/422/image.jpg,Closest transport: Rato Metro Station is a 2-minute walk. Time Out tip: nearby Jardim Botanico is worth a quiet detour.,38.720556,-9.152049,Nominatim,"R. do Vale de Pereiro 19, 1250-270 Lisboa, Portugal"
https://www.timeout.com/lisbon/hotels/the-coolest-hotels-in-lisbon,The coolest hotels in Lisbon right now,hotel,6,Locke de Santa Joana,"Apartment-style hotel in central Lisbon with compact rooms, kitchen/laundry features, coworking space, pool, gym, bars, and a restaurant in a 17th-century convent.",Hotel under EUR175/night; 4 out of 5 stars,Rua Camilo Castelo Branco 18 Lisbon 1150-084,Starting from EUR165 per night,Avenida da Liberdade / Principe Real,https://www.timeout.com/lisbon/hotels/locke-de-santa-joana,https://www.booking.com/hotel/pt/locke-de-santa-joana.pt-pt.html?aid=336004&label=the-coolest-hotels-in-lisbon,https://www.timeout.com/lisbon/hotels,https://media.timeout.com/images/106243630/750/422/image.jpg,Closest transport: Marques de Pombal Subway Station is a 2-minute walk. Time Out tip: visit the onsite archaeological museum in the convent section.,38.725512,-9.147320,Nominatim,Rua Camilo Castelo Branco 18 Lisbon 1150-084
https://www.timeout.com/lisbon/hotels/the-coolest-hotels-in-lisbon,The coolest hotels in Lisbon right now,hotel,12,Internacional Design Hotel,"Design-led Rossio hotel in one of Lisbon's oldest facades, with compact themed rooms, a winter garden, fitness studio, walking tours, and Bastardo restaurant.",Hotel under EUR175/night,"Rua Betesga 3, 1100-090 Lisbon",From about EUR150 per night,Rossio / Baixa,https://www.timeout.com/lisbon/hotels/the-coolest-hotels-in-lisbon,https://www.booking.com/hotel/pt/hotelinternacional.html?aid=336004&label=the-coolest-hotels-in-lisbon,https://www.timeout.com/lisbon/hotels,https://media.timeout.com/images/106325295/750/422/image.jpg,"Closest transport: Rossio Station, 2 minutes' walk. Time Out tip: walk to Confeitaria Nacional and try the baba pastry.",38.712976,-9.138433,Nominatim,"Rua Betesga 3, 1100-090 Lisbon"
https://www.timeout.com/lisbon/restaurants/eat-like-a-local-in-lisbon,How to eat like a local in Lisbon,restaurant,1,Cervejaria Ramiro,Known for Marisco (shellfish & seafood).,Restaurant from the Lisboa map,"Av. Almirante Reis 1-H, 1150-007",,Intendente / Arroios,https://www.timeout.com/lisbon/restaurants/cervejaria-ramiro,,https://www.timeout.com/lisbon/restaurants/eat-like-a-local-in-lisbon,,,38.720300,-9.135700,map-builtin,"Av. Almirante Reis 1-H, 1150-007, Lisboa, Portugal"
https://www.timeout.com/lisbon/restaurants/eat-like-a-local-in-lisbon,How to eat like a local in Lisbon,restaurant,2,Pinóquio,Known for Pica-pau & amêijoas (steak bites & clams).,Restaurant from the Lisboa map,"Praça dos Restauradores 79, 1250-188",,Santa Maria Maior (Restauradores),https://www.timeout.com/lisbon/restaurants/pinoquio,,https://www.timeout.com/lisbon/restaurants/eat-like-a-local-in-lisbon,,The original since 1982; a second branch is inside Time Out Market.,38.716600,-9.141700,map-builtin,"Praça dos Restauradores 79, 1250-188, Lisboa, Portugal"
https://www.timeout.com/lisbon/restaurants/eat-like-a-local-in-lisbon,How to eat like a local in Lisbon,restaurant,3,O Velho Eurico,"Known for Petiscos, croquetes & bolinhos de bacalhau.",Restaurant from the Lisboa map,"Largo de São Cristóvão 3, 1100-179",,Mouraria (below São Jorge Castle),https://www.timeout.com/lisbon/restaurants/o-eurico,,https://www.timeout.com/lisbon/restaurants/eat-like-a-local-in-lisbon,,,38.713700,-9.135300,map-builtin,"Largo de São Cristóvão 3, 1100-179, Lisboa, Portugal"
https://www.timeout.com/lisbon/restaurants/eat-like-a-local-in-lisbon,How to eat like a local in Lisbon,restaurant,4,A Casa do Bacalhau,Known for Bacalhau & pataniscas (salt cod).,Restaurant from the Lisboa map,"Rua do Grilo 54, 1950-145",,Beato / Marvila (Xabregas),https://www.timeout.com/lisbon/restaurants/a-casa-do-bacalhau,,https://www.timeout.com/lisbon/restaurants/eat-like-a-local-in-lisbon,,,38.729600,-9.107800,map-builtin,"Rua do Grilo 54, 1950-145, Lisboa, Portugal"
https://www.timeout.com/lisbon/restaurants/eat-like-a-local-in-lisbon,How to eat like a local in Lisbon,restaurant,5,A Valenciana,Known for Frango assado (piri-piri chicken).,Restaurant from the Lisboa map,"Rua Marquês de Fronteira 157, 1070-294",,Campolide,https://www.timeout.com/lisbon/restaurants/a-valenciana,,https://www.timeout.com/lisbon/restaurants/eat-like-a-local-in-lisbon,,,38.729300,-9.161000,map-builtin,"Rua Marquês de Fronteira 157, 1070-294, Lisboa, Portugal"
https://www.timeout.com/lisbon/restaurants/eat-like-a-local-in-lisbon,How to eat like a local in Lisbon,restaurant,6,O Cartaxinho,Known for Cozido à portuguesa (Portuguese stew).,Restaurant from the Lisboa map,"Rua de Santa Marta 20B, 1150-295",,Off Avenida da Liberdade (Santa Marta),https://www.timeout.com/lisbon/restaurants/o-cartaxinho,,https://www.timeout.com/lisbon/restaurants/eat-like-a-local-in-lisbon,,,38.721600,-9.144900,map-builtin,"Rua de Santa Marta 20B, 1150-295, Lisboa, Portugal"
https://www.timeout.com/lisbon/restaurants/eat-like-a-local-in-lisbon,How to eat like a local in Lisbon,bakery,7,Manteigaria (Chiado),Known for Pastel de nata (custard tart).,Restaurant from the Lisboa map,"Rua do Loreto 2, 1200-108",,Chiado / Bairro Alto (Largo de Camões),https://www.timeout.com/lisbon/restaurants/manteigaria,,https://www.timeout.com/lisbon/restaurants/eat-like-a-local-in-lisbon,,"The 1900 Art Nouveau original — when you hear the bell, a fresh batch is out.",38.710600,-9.143200,map-builtin,"Rua do Loreto 2, 1200-108, Lisboa, Portugal"
https://www.timeout.com/lisbon/restaurants/eat-like-a-local-in-lisbon,How to eat like a local in Lisbon,bakery,8,Manteigaria (Rua Augusta),Known for Pastel de nata (custard tart).,Restaurant from the Lisboa map,"Rua Augusta 195-197, 1100-061",,Baixa,https://www.timeout.com/lisbon/restaurants/manteigaria,,https://www.timeout.com/lisbon/restaurants/eat-like-a-local-in-lisbon,,,38.710200,-9.137600,map-builtin,"Rua Augusta 195-197, 1100-061, Lisboa, Portugal"
https://www.timeout.com/lisbon/restaurants/eat-like-a-local-in-lisbon,How to eat like a local in Lisbon,bakery,9,Manteigaria (Belém),Known for Pastel de nata (custard tart).,Restaurant from the Lisboa map,"Rua de Belém 100-106, 1300-085",,Belém,https://www.timeout.com/lisbon/restaurants/manteigaria,,https://www.timeout.com/lisbon/restaurants/eat-like-a-local-in-lisbon,,,38.697200,-9.202500,map-builtin,"Rua de Belém 100-106, 1300-085, Lisboa, Portugal"
https://www.timeout.com/lisbon/restaurants/eat-like-a-local-in-lisbon,How to eat like a local in Lisbon,bakery,10,Manteigaria (Campo de Ourique),Known for Pastel de nata (custard tart).,Restaurant from the Lisboa map,"Rua Quatro de Infantaria 20C, 1350-093",,Campo de Ourique (Jardim da Parada),https://www.timeout.com/lisbon/restaurants/manteigaria,,https://www.timeout.com/lisbon/restaurants/eat-like-a-local-in-lisbon,,,38.716300,-9.166800,map-builtin,"Rua Quatro de Infantaria 20C, 1350-093, Lisboa, Portugal"
https://www.timeout.com/lisbon/restaurants/eat-like-a-local-in-lisbon,How to eat like a local in Lisbon,bakery,11,Manteigaria (Saldanha),Known for Pastel de nata (custard tart).,Restaurant from the Lisboa map,"Av. Duque de Ávila 32A, 1000-141",,Saldanha / Avenidas Novas,https://www.timeout.com/lisbon/restaurants/manteigaria,,https://www.timeout.com/lisbon/restaurants/eat-like-a-local-in-lisbon,,,38.733500,-9.145200,map-builtin,"Av. Duque de Ávila 32A, 1000-141, Lisboa, Portugal"
https://www.timeout.com/lisbon/restaurants/eat-like-a-local-in-lisbon,How to eat like a local in Lisbon,bakery,12,Manteigaria (Alvalade),Known for Pastel de nata (custard tart).,Restaurant from the Lisboa map,"Av. Rio de Janeiro 44, 1700-330",,Alvalade,https://www.timeout.com/lisbon/restaurants/manteigaria,,https://www.timeout.com/lisbon/restaurants/eat-like-a-local-in-lisbon,,,38.752700,-9.138800,map-builtin,"Av. Rio de Janeiro 44, 1700-330, Lisboa, Portugal"
https://www.timeout.com/lisbon/restaurants/eat-like-a-local-in-lisbon,How to eat like a local in Lisbon,bakery,13,Manteigaria (Parque das Nações),Known for Pastel de nata (custard tart).,Restaurant from the Lisboa map,"Av. Dom João II 44 AB, 1990-095",,Parque das Nações (Gare do Oriente),https://www.timeout.com/lisbon/restaurants/manteigaria,,https://www.timeout.com/lisbon/restaurants/eat-like-a-local-in-lisbon,,,38.766800,-9.097800,map-builtin,"Av. Dom João II 44 AB, 1990-095, Lisboa, Portugal"
https://www.timeout.com/lisbon/restaurants/eat-like-a-local-in-lisbon,How to eat like a local in Lisbon,restaurant,14,Gambrinus,Known for Prego & croquetes (steak sandwich).,Restaurant from the Lisboa map,"Rua das Portas de Santo Antão 23, 1150-264",,Baixa (Santa Maria Maior),https://www.timeout.com/lisbon/restaurants/gambrinus,,https://www.timeout.com/lisbon/restaurants/eat-like-a-local-in-lisbon,,Order the prego mal passado at the counter with a tulipa (small draught beer) and a croquette dipped in the house mustard.,38.715000,-9.139800,map-builtin,"Rua das Portas de Santo Antão 23, 1150-264, Lisboa, Portugal"
https://www.timeout.com/lisbon/restaurants/eat-like-a-local-in-lisbon,How to eat like a local in Lisbon,restaurant,15,As Bifanas do Afonso (Madalena),Known for Bifana (pork sandwich).,Restaurant from the Lisboa map,"Rua da Madalena 146, 1100-320",,Sé / Baixa,https://www.timeout.com/lisbon/restaurants/as-bifanas-do-afonso,,https://www.timeout.com/lisbon/restaurants/eat-like-a-local-in-lisbon,,"The 50-year-old hole-in-the-wall original — stand-up counter, lunchtime queues.",38.711200,-9.135000,map-builtin,"Rua da Madalena 146, 1100-320, Lisboa, Portugal"
https://www.timeout.com/lisbon/restaurants/eat-like-a-local-in-lisbon,How to eat like a local in Lisbon,restaurant,16,As Bifanas do Afonso (Baixa),Known for Bifana (pork sandwich).,Restaurant from the Lisboa map,"Rua dos Sapateiros 158, 1100-580",,Baixa (Rua dos Sapateiros),https://www.timeout.com/lisbon/restaurants/as-bifanas-do-afonso,,https://www.timeout.com/lisbon/restaurants/eat-like-a-local-in-lisbon,,"Newer sit-down counter inside the Lisbon Art Stay hotel, near Rua Augusta.",38.710400,-9.138100,map-builtin,"Rua dos Sapateiros 158, 1100-580, Lisboa, Portugal"
https://www.timeout.com/lisbon/restaurants/eat-like-a-local-in-lisbon,How to eat like a local in Lisbon,restaurant,17,O Trevo,Known for Bifana (pork sandwich).,Restaurant from the Lisboa map,"Praça Luís de Camões 48, 1200-243",,Chiado / Bairro Alto (Largo de Camões),https://www.timeout.com/lisbon/restaurants/o-trevo,,https://www.timeout.com/lisbon/restaurants/eat-like-a-local-in-lisbon,,The bifana that won over Anthony Bourdain on No Reservations.,38.710400,-9.142100,map-builtin,"Praça Luís de Camões 48, 1200-243, Lisboa, Portugal"
https://www.timeout.com/lisbon/restaurants/eat-like-a-local-in-lisbon,How to eat like a local in Lisbon,restaurant,18,Gancho,Known for Neo-tasca petiscos.,Restaurant from the Lisboa map,"Rua do Vigário 70B, 1100-616",,Alfama,https://www.timeout.com/lisbon/restaurants/eat-like-a-local-in-lisbon,,https://www.timeout.com/lisbon/restaurants/eat-like-a-local-in-lisbon,,"A modern Alfama tavern with Portuguese, French and Italian influences and a seasonal menu.",38.711900,-9.128100,map-builtin,"Rua do Vigário 70B, 1100-616, Lisboa, Portugal"
https://www.timeout.com/lisbon/restaurants/eat-like-a-local-in-lisbon,How to eat like a local in Lisbon,food hall,19,Time Out Market Lisboa,Known for Food hall (Mercado da Ribeira).,Restaurant from the Lisboa map,"Av. 24 de Julho 49, 1200-109",,Cais do Sodré,https://www.timeout.com/time-out-market-lisboa,,https://www.timeout.com/lisbon/restaurants/eat-like-a-local-in-lisbon,,Pinóquio and Manteigaria also have branches inside the market — shown here as stalls rather than as their own overlapping pins. Featured Time Out Market stalls: Pinóquio (second branch); O Surf & Turf — cozido & petiscos; Croqueteria — croquetes; Sea Me — fish & seafood; Olhó Bacalhau — pastéis de bacalhau; Café de São Bento — steak; Manteigaria — pastéis de nata,38.706800,-9.145900,map-builtin,"Av. 24 de Julho 49, 1200-109, Lisboa, Portugal"
https://www.timeout.com/lisbon/music/the-best-places-to-listen-to-fado-in-lisbon,The best places to listen to fado in Lisbon,music venue,1,Clube Lisboa Amigos do Fado,"Music school and fado house in Chelas where many singers have trained, with snacks like caldo verde and grilled chourico during performances.",Best place to listen to fado from Time Out Lisbon,"R. Dr. Jose Espirito Santo 49C, 1950-094 Lisboa, Portugal",,Marvila / Chelas,https://www.facebook.com/claf.fado/?locale=pt_BR,,https://www.timeout.com/lisbon/music/the-best-places-to-listen-to-fado-in-lisbon,https://media.timeout.com/images/106201218/750/422/image.jpg,"Time Out says the club has hosted artists including Amalia Rodrigues, Alfredo Marceneiro, Mariza, and Sara Correia. Public listings only resolve this venue to a street-level Marvila address, so the pin is approximate.",38.753965,-9.107544,Nominatim-road,"R. Dr. Jose Espirito Santo 49C, 1950-094 Lisboa, Portugal"
https://www.timeout.com/lisbon/music/the-best-places-to-listen-to-fado-in-lisbon,The best places to listen to fado in Lisbon,music venue,2,A Severa,"Historic Bairro Alto fado restaurant run by the same family since 1955, pairing candlelit traditional Portuguese meals with live performances.",Best place to listen to fado from Time Out Lisbon,,,Bairro Alto,https://www.timeout.com/lisbon/restaurants/a-severa,,https://www.timeout.com/lisbon/music/the-best-places-to-listen-to-fado-in-lisbon,https://media.timeout.com/images/105852933/750/422/image.jpg,"Time Out highlights performers including Lina Santos, Natalino de Jesus, and Nadine.",38.711700,-9.143426,Nominatim,"A Severa, Bairro Alto, Lisboa, Portugal"
https://www.timeout.com/lisbon/music/the-best-places-to-listen-to-fado-in-lisbon,The best places to listen to fado in Lisbon,music venue,3,O Faia,"Historic Bairro Alto fado house founded in 1947, known for a strong lineup in a long-running traditional venue.",Best place to listen to fado from Time Out Lisbon,,Dinner only (average EUR55) until 11pm; after 11pm minimum spend EUR25,Bairro Alto,https://www.timeout.com/lisbon/restaurants/o-faia,,https://www.timeout.com/lisbon/music/the-best-places-to-listen-to-fado-in-lisbon,https://media.timeout.com/images/105425552/750/422/image.jpg,"Founded by Lucilia do Carmo; Time Out names Lenita Gentil, Antonio Rocha, Sara Correia, Maura Airez, and Beatriz Felicio in the current lineup.",38.711669,-9.144450,Nominatim,"O Faia, Bairro Alto, Lisboa, Portugal"
https://www.timeout.com/lisbon/music/the-best-places-to-listen-to-fado-in-lisbon,The best places to listen to fado in Lisbon,music venue,4,Tasca do Chico,"Beloved Bairro Alto tavern for fado vadio, known as a late-night meeting point for fado lovers and professional musicians.",Best place to listen to fado from Time Out Lisbon,,,Bairro Alto,https://www.timeout.com/lisbon/restaurants/tasca-do-chico,,https://www.timeout.com/lisbon/music/the-best-places-to-listen-to-fado-in-lisbon,https://media.timeout.com/images/103453517/750/422/image.jpg,Time Out notes an additional Alfama location on Rua dos Remedios.,38.711631,-9.144132,Nominatim,"Tasca do Chico, Bairro Alto, Lisboa, Portugal"
https://www.timeout.com/lisbon/music/the-best-places-to-listen-to-fado-in-lisbon,The best places to listen to fado in Lisbon,music venue,5,Tasca do Jaime,"Traditional Graca tavern for weekend amateur fado, red wine, and codfish cakes, with a second location in Alfama.",Best place to listen to fado from Time Out Lisbon,,Drink prices rise when singing starts at 4pm to pay the artists,Graca,https://www.instagram.com/tascadojaime/?hl=en,,https://www.timeout.com/lisbon/music/the-best-places-to-listen-to-fado-in-lisbon,https://media.timeout.com/images/106081431/750/422/image.jpg,Time Out frames this as a place to experience the true essence of amateur fado.,38.719142,-9.129798,Nominatim,"Tasca do Jaime, Graca, Lisboa, Portugal"
https://www.timeout.com/lisbon/music/the-best-places-to-listen-to-fado-in-lisbon,The best places to listen to fado in Lisbon,music venue,6,Tasca da Bela - Casa de Fados,Alfama fado house evolved from a wine-and-snacks gathering spot into a dedicated venue for codfish dinners and late-night petiscos with music.,Best place to listen to fado from Time Out Lisbon,"Rua dos Remedios, Alfama",,Santa Maria Maior,https://www.timeout.com/lisbon/restaurants/bela,,https://www.timeout.com/lisbon/music/the-best-places-to-listen-to-fado-in-lisbon,https://media.timeout.com/images/106081432/750/422/image.jpg,Time Out says fado runs Wednesday to Sunday; later service includes pataniscas and peixinhos da horta.,38.712056,-9.127046,Nominatim,"Rua dos Remedios, Alfama, Lisboa, Portugal"
https://www.timeout.com/lisbon/music/the-best-places-to-listen-to-fado-in-lisbon,The best places to listen to fado in Lisbon,music venue,7,Parreirinha de Alfama,"Traditional Alfama fado restaurant associated with veteran singer Argentina Santos, serving Portuguese classics alongside nightly performances.",Best place to listen to fado from Time Out Lisbon,,Dinner only (average EUR35) until 10.30pm; after 10.30pm minimum spend EUR15,Alfama,https://www.timeout.com/lisbon/restaurants/parreirinha-de-alfama,,https://www.timeout.com/lisbon/music/the-best-places-to-listen-to-fado-in-lisbon,https://media.timeout.com/images/106201234/750/422/image.jpg,Time Out calls out singers such as Maria Amelia Proenca and Maria de Fatima.,38.711478,-9.128022,Nominatim,"Parreirinha de Alfama, Alfama, Lisboa, Portugal"
https://www.timeout.com/lisbon/music/the-best-places-to-listen-to-fado-in-lisbon,The best places to listen to fado in Lisbon,music venue,9,Clube de Fado,"Long-running fado house in Santa Maria Maior with a heavyweight lineup and a menu of Portuguese dishes including codfish, steaks, and octopus.",Best place to listen to fado from Time Out Lisbon,,EUR7.50 plus dinner (average EUR50) until 11pm; then EUR10 plus drinks,Santa Maria Maior,https://www.timeout.com/lisbon/restaurants/clube-de-fado,http://attractions-pt.timeout.com/en/20543/tours/Lisbon/Lisbon-Fado-Walking-Tour-Including-Food/d538-17498P11,https://www.timeout.com/lisbon/music/the-best-places-to-listen-to-fado-in-lisbon,https://media.timeout.com/images/103453515/750/422/image.jpg,"Time Out notes artists including Cristina Madeira, Carlos Leitao, and Maria Ana Bobone.",38.709639,-9.131199,Nominatim,"Clube de Fado, Santa Maria Maior, Lisboa, Portugal"
https://www.timeout.com/lisbon/music/the-best-places-to-listen-to-fado-in-lisbon,The best places to listen to fado in Lisbon,music venue,10,Senhor Vinho,"Classic Lapa fado restaurant opened in 1975, known for late service, strong Portuguese cooking, and a premium live lineup.",Best place to listen to fado from Time Out Lisbon,,Dinner is EUR65 per person,Estrela/Lapa/Santos,https://www.timeout.com/lisbon/restaurants/senhor-vinho,,https://www.timeout.com/lisbon/music/the-best-places-to-listen-to-fado-in-lisbon,https://media.timeout.com/images/103753169/750/422/image.jpg,Time Out highlights performers such as Aldina Duarte and Francisco Salvacao Barreto.,38.710010,-9.157804,Photon,"Senhor Vinho, Estrela/Lapa/Santos, Lisboa, Portugal"
https://www.timeout.com/lisbon/museums/the-best-lisbon-museums,The 17 best museums in Lisbon,museum,2,Calouste Gulbenkian Museum,"Major private international art collection spanning Egyptian, Greco-Roman, Islamic, Armenian, Far Eastern, sculpture, painting, and decorative arts holdings.",Top museum from Time Out Lisbon,,,São Sebastião,https://www.timeout.com/lisbon/museums/calouste-gulbenkian-museum,https://activities.timeout.com/lisbon-l42/lisbon-gulbenkian-museum-centro-de-arte-moderna-ticket-t801469/?ranking_uuid=8bec1405-0b76-4a15-aae5-8710f7f54a86,https://www.timeout.com/lisbon/museums/the-best-lisbon-museums,https://media.timeout.com/images/103453432/750/422/image.jpg,,38.735961,-9.153332,Nominatim,"Calouste Gulbenkian Museum, São Sebastião, Lisboa, Portugal"
https://www.timeout.com/lisbon/museums/the-best-lisbon-museums,The 17 best museums in Lisbon,museum,3,"MAAT - Museu de Arte, Arquitetura e Tecnologia","Belém museum complex combining contemporary art, architecture, technology, the former power station, and a riverfront viewpoint.",Top museum from Time Out Lisbon,,,Belém,https://www.timeout.com/lisbon/museums/maat-art-architecture-and-technology-museum,https://activities.timeout.com/lisbon-l42/lisbon-maat-and-tejo-power-station-t478063/?ranking_uuid=7f9cc4eb-b0c2-43d1-abcb-8fb447cd855d,https://www.timeout.com/lisbon/museums/the-best-lisbon-museums,https://media.timeout.com/images/105864898/750/422/image.jpg,,38.695934,-9.193624,Photon,"MAAT - Museu de Arte, Arquitetura e Tecnologia, Belém, Lisboa, Portugal"
https://www.timeout.com/lisbon/museums/the-best-lisbon-museums,The 17 best museums in Lisbon,museum,5,Museu Nacional do Azulejo,Museum in the Convent of Madre de Deus dedicated to Portuguese tilework from the fifteenth century to the present.,Top museum from Time Out Lisbon,,,Beato,https://www.timeout.com/lisbon/museums/national-azulejo-museum,https://www.getyourguide.com/national-azulejo-museum-l24212/?partner_id=M7Z0W0W&utm_medium=online_publisher&utm_source=timeout&placement=content-middle&cmp=the-best-lisbon-attractions,https://www.timeout.com/lisbon/museums/the-best-lisbon-museums,https://media.timeout.com/images/106093561/750/422/image.jpg,,38.724724,-9.113914,Photon,"Museu Nacional do Azulejo, Beato, Lisboa, Portugal"
https://www.timeout.com/lisbon/museums/the-best-lisbon-museums,The 17 best museums in Lisbon,museum,6,National Museum of Natural History and Science - MUHNAC,"University of Lisbon museum and science complex spanning natural history, laboratories, observatory, and botanical garden sites.",Top museum from Time Out Lisbon,"Rua da Escola Politécnica 56/58, 1250-102 Lisboa, Portugal",,Príncipe Real,https://www.instagram.com/muhnac,,https://www.timeout.com/lisbon/museums/the-best-lisbon-museums,https://media.timeout.com/images/106107519/750/422/image.jpg,,38.717556,-9.150878,Nominatim-road,"Rua da Escola Politécnica 56/58, 1250-102 Lisboa, Portugal"
https://www.timeout.com/lisbon/museums/the-best-lisbon-museums,The 17 best museums in Lisbon,museum,7,Museu da Água,Water museum in the former Barbadinhos steam pumping station tracing Lisbon's water supply from Roman times onward.,Top museum from Time Out Lisbon,,,São Vicente,https://www.timeout.com/lisbon/museums/museu-da-agua,,https://www.timeout.com/lisbon/museums/the-best-lisbon-museums,https://media.timeout.com/images/106198571/750/422/image.jpg,,38.719906,-9.119649,Nominatim,"Museu da Água, São Vicente, Lisboa, Portugal"
https://www.timeout.com/lisbon/museums/the-best-lisbon-museums,The 17 best museums in Lisbon,museum,8,Museu de Lisboa - Palácio Pimenta,"Main branch of the Museum of Lisbon, covering the city's evolution from prehistory to the early twentieth century.",Top museum from Time Out Lisbon,,,Campo Grande/Entrecampos/Alvalade,https://www.timeout.com/lisbon/museums/museu-de-lisboa-pimenta-palace,http://attractions.timeout.com/en/11312/search/Pimenta%20Palace,https://www.timeout.com/lisbon/museums/the-best-lisbon-museums,https://media.timeout.com/images/103708193/750/422/image.jpg,,38.758228,-9.157118,Photon,"Museu de Lisboa - Palácio Pimenta, Campo Grande/Entrecampos/Alvalade, Lisboa, Portugal"
https://www.timeout.com/lisbon/museums/the-best-lisbon-museums,The 17 best museums in Lisbon,museum,9,Museu Nacional dos Coches,"Belém coach museum with royal carriages, children's coaches, and the bullet-marked landau tied to King Carlos's assassination.",Top museum from Time Out Lisbon,,,Belém,https://www.timeout.com/lisbon/museums/museu-nacional-dos-coches,http://attractions-pt.timeout.com/en/20543/Lisbon-attractions/National-Coach-Museum-Museu-Nacional-dos-Coches/d538-a23120,https://www.timeout.com/lisbon/museums/the-best-lisbon-museums,https://media.timeout.com/images/106043692/750/422/image.jpg,,38.696864,-9.197987,Nominatim,"Museu Nacional dos Coches, Belém, Lisboa, Portugal"
https://www.timeout.com/lisbon/museums/the-best-lisbon-museums,The 17 best museums in Lisbon,museum,11,Fundação Arpad Szenes - Vieira da Silva,"Museum dedicated to Vieira da Silva and Arpad Szenes, centered on abstract painting and twentieth-century Portuguese art.",Top museum from Time Out Lisbon,"Praça das Amoreiras 56, 1250-020 Lisboa, Portugal",,Avenida da Liberdade / Príncipe Real,https://www.timeout.com/lisbon/attractions/fundacao-arpad-szenes-vieira-da-silva,,https://www.timeout.com/lisbon/museums/the-best-lisbon-museums,https://media.timeout.com/images/103464272/750/422/image.jpg,,38.722237,-9.155770,Nominatim,"Praça das Amoreiras 56, 1250-020 Lisboa, Portugal"
https://www.timeout.com/lisbon/museums/the-best-lisbon-museums,The 17 best museums in Lisbon,museum,12,Museu do Oriente,"Museum focused on Portugal's links with Asia, with permanent exhibitions and a busy schedule of talks, tours, workshops, and festivals.",Top museum from Time Out Lisbon,,,Estrela/Lapa/Santos,https://www.timeout.com/lisbon/museums/museu-do-oriente,http://attractions-pt.timeout.com/showSEOPageProducts.jspa?pageType=attractions&seoId=23100&destinationID=538&PUID=20543&setLocale=en&seoName=Orient-Museum-Museu-do-Oriente&destinationName=&pageTypeCode=a,https://www.timeout.com/lisbon/museums/the-best-lisbon-museums,https://media.timeout.com/images/106091923/750/422/image.jpg,,38.702901,-9.170571,Photon,"Museu do Oriente, Estrela/Lapa/Santos, Lisboa, Portugal"
https://www.timeout.com/lisbon/museums/the-best-lisbon-museums,The 17 best museums in Lisbon,museum,13,Museu do Aljube,"Resistance and Freedom museum in the former Aljube prison, documenting dictatorship, censorship, and anti-regime struggle in Portugal.",Top museum from Time Out Lisbon,,,Santa Maria Maior,https://www.timeout.com/lisbon/museums/museu-do-aljube,,https://www.timeout.com/lisbon/museums/the-best-lisbon-museums,https://media.timeout.com/images/105817889/750/422/image.jpg,,38.710180,-9.132553,Nominatim,"Museu do Aljube, Santa Maria Maior, Lisboa, Portugal"
https://www.timeout.com/lisbon/museums/the-best-lisbon-museums,The 17 best museums in Lisbon,museum,14,Museu do Tesouro Real,"Royal Treasure Museum in Ajuda Palace displaying crown jewels, silver, insignia, and other relics of the Portuguese Crown.",Top museum from Time Out Lisbon,,,Ajuda,https://www.tesouroreal.pt/en,https://activities.timeout.com/royal-treasure-museum-l177655/lisbon-royal-treasure-museum-entry-ticket-t425344/?ranking_uuid=7a58ae9f-311c-4e01-b95d-0a9ce228a385,https://www.timeout.com/lisbon/museums/the-best-lisbon-museums,https://media.timeout.com/images/105920501/750/422/image.jpg,,38.707627,-9.198759,Nominatim,"Museu do Tesouro Real, Ajuda, Lisboa, Portugal"
https://www.timeout.com/lisbon/museums/the-best-lisbon-museums,The 17 best museums in Lisbon,museum,15,Museu Benfica - Cosme Damião,"Interactive club museum covering Benfica history with trophies, films, games, and a penalty simulator.",Top museum from Time Out Lisbon,,,Benfica,https://www.slbenfica.pt/en-us/loja/bilhetes/estadio-e-museu,https://activities.timeout.com/lisbon-l42/luz-stadium-tour-and-sl-benfica-museum-ticket-scarf-t706815/?ranking_uuid=6f83223b-1ed4-4fea-8bce-60f6c6c8af81,https://www.timeout.com/lisbon/museums/the-best-lisbon-museums,https://media.timeout.com/images/103909778/750/422/image.jpg,,38.751502,-9.183990,Photon,"Museu Benfica - Cosme Damião, Benfica, Lisboa, Portugal"
https://www.timeout.com/lisbon/museums/the-best-lisbon-museums,The 17 best museums in Lisbon,museum,16,Museu de Arte Contemporânea do Chiado,"National Museum of Contemporary Art in Chiado, spanning Portuguese art from Romanticism to the twenty-first century.",Top museum from Time Out Lisbon,,,Chiado,https://www.timeout.com/lisbon/museums/museu-de-arte-contemporanea-do-chiado,,https://www.timeout.com/lisbon/museums/the-best-lisbon-museums,https://media.timeout.com/images/103464279/750/422/image.jpg,,38.708836,-9.141183,Photon,"Museu de Arte Contemporânea do Chiado, Chiado, Lisboa, Portugal"
https://www.timeout.com/lisbon/museums/the-best-lisbon-museums,The 17 best museums in Lisbon,museum,17,Casa Fernando Pessoa,"Final home of Fernando Pessoa, now a museum and library exploring the poet's life, heteronyms, and personal archive.",Top museum from Time Out Lisbon,,,Campo de Ourique,https://www.timeout.com/lisbon/attractions/casa-fernando-pessoa,,https://www.timeout.com/lisbon/museums/the-best-lisbon-museums,https://media.timeout.com/images/105892504/750/422/image.jpg,,38.716645,-9.162451,Nominatim,"Casa Fernando Pessoa, Campo de Ourique, Lisboa, Portugal"
https://www.timeout.com/lisbon/clubs/best-jazz-clubs-in-lisbon,The 14 best places to listen to jazz in Lisbon,bar,1,Foxtrot,"Old English-style São Bento bar with valet parking, a fireplace room, lambretas, and classic Lisbon cocktail-bar pedigree.",Top jazz spot from Time Out Lisbon,,,Chiado/Cais do Sodré,https://www.timeout.com/lisbon/bars-and-pubs/foxtrot,,https://www.timeout.com/lisbon/clubs/best-jazz-clubs-in-lisbon,https://media.timeout.com/images/105602306/750/422/image.jpg,,38.707778,-9.141323,Photon,"Foxtrot, Chiado/Cais do Sodré, Lisboa, Portugal"
https://www.timeout.com/lisbon/clubs/best-jazz-clubs-in-lisbon,The 14 best places to listen to jazz in Lisbon,bar,2,Red Frog,"Hidden speakeasy-style bar behind Monkey Mash, known for top-tier cocktails and a swing-and-jazz atmosphere.",Top jazz spot from Time Out Lisbon,,,Avenida da Liberdade,https://www.timeout.com/lisbon/nightlife/red-frog,,https://www.timeout.com/lisbon/clubs/best-jazz-clubs-in-lisbon,https://media.timeout.com/images/105800374/750/422/image.jpg,,38.724751,-9.149713,Photon,"Red Frog, Avenida da Liberdade, Lisboa, Portugal"
https://www.timeout.com/lisbon/clubs/best-jazz-clubs-in-lisbon,The 14 best places to listen to jazz in Lisbon,jazz bar,3,Café Dias,"One of Lisbon’s jazz epicentres, known for jam sessions, hearty snacks, and a music-first atmosphere.",Top jazz spot from Time Out Lisbon,,,,https://www.facebook.com/pedro.dias.1969,,https://www.timeout.com/lisbon/clubs/best-jazz-clubs-in-lisbon,https://media.timeout.com/images/106120967/750/422/image.jpg,,38.702928,-9.184421,Nominatim,"Café Dias, Lisboa, Portugal"
https://www.timeout.com/lisbon/clubs/best-jazz-clubs-in-lisbon,The 14 best places to listen to jazz in Lisbon,bar,4,Social B,"Cosy, homey post-work bar from the founder of Bicaense and Clube Ferroviário, with music and small bites.",Top jazz spot from Time Out Lisbon,,,Santos / Cais do Sodré,https://www.instagram.com/socialb_lisboa/?hl=en,,https://www.timeout.com/lisbon/clubs/best-jazz-clubs-in-lisbon,,,38.706657,-9.143276,Photon,"Social B, Santos / Cais do Sodré, Lisboa, Portugal"
https://www.timeout.com/lisbon/clubs/best-jazz-clubs-in-lisbon,The 14 best places to listen to jazz in Lisbon,bar,5,Má Língua,Graça bar-restaurant-cultural space where live jazz periodically takes over the downstairs stage.,Top jazz spot from Time Out Lisbon,,,Graça,https://www.instagram.com/ma_lingua/?hl=en,,https://www.timeout.com/lisbon/clubs/best-jazz-clubs-in-lisbon,https://media.timeout.com/images/103886301/750/422/image.jpg,,38.719323,-9.130050,Nominatim,"Má Língua, Graça, Lisboa, Portugal"
https://www.timeout.com/lisbon/clubs/best-jazz-clubs-in-lisbon,The 14 best places to listen to jazz in Lisbon,bar,6,Pensão Amor,"Storied former brothel turned nightlife venue in Cais do Sodré, with jazz concerts among its eclectic programming.",Top jazz spot from Time Out Lisbon,,,Cais do Sodré,https://pensaoamor.com/en/,,https://www.timeout.com/lisbon/clubs/best-jazz-clubs-in-lisbon,https://media.timeout.com/images/103708278/750/422/image.jpg,,38.707310,-9.143535,Nominatim,"Pensão Amor, Cais do Sodré, Lisboa, Portugal"
https://www.timeout.com/lisbon/clubs/best-jazz-clubs-in-lisbon,The 14 best places to listen to jazz in Lisbon,bar,7,Botequim,"Historic Graça bar revived after a long closure, retaining Natália Correia’s bohemian spirit and a jazz-friendly soundtrack.",Top jazz spot from Time Out Lisbon,,,São Vicente / Graça,https://www.timeout.com/lisbon/restaurants/botequim,,https://www.timeout.com/lisbon/clubs/best-jazz-clubs-in-lisbon,https://media.timeout.com/images/103893790/750/422/image.jpg,,38.715987,-9.130498,Nominatim,"Botequim, São Vicente / Graça, Lisboa, Portugal"
https://www.timeout.com/lisbon/clubs/best-jazz-clubs-in-lisbon,The 14 best places to listen to jazz in Lisbon,bar,8,Procópio,"Retro Lisbon classic opened in 1972, filled with pre-revolution-era atmosphere and a soundtrack that leans heavily toward jazz.",Top jazz spot from Time Out Lisbon,,,Avenida da Liberdade / Príncipe Real,https://www.timeout.com/lisbon/bars-and-pubs/procopio,,https://www.timeout.com/lisbon/clubs/best-jazz-clubs-in-lisbon,https://media.timeout.com/images/105936365/750/422/image.jpg,,38.724296,-9.148506,Photon,"Procópio, Avenida da Liberdade / Príncipe Real, Lisboa, Portugal"
https://www.timeout.com/lisbon/clubs/best-jazz-clubs-in-lisbon,The 14 best places to listen to jazz in Lisbon,music venue,9,Alface Hall,Tiny Bairro Alto live-music bar and hostel where the musicians play practically in the doorway.,Top jazz spot from Time Out Lisbon,,,Bairro Alto,https://www.timeout.com/lisbon/clubs/alface-hall,,https://www.timeout.com/lisbon/clubs/best-jazz-clubs-in-lisbon,https://media.timeout.com/images/105439178/750/422/image.jpg,,38.712888,-9.143732,Nominatim,"Alface Hall, Bairro Alto, Lisboa, Portugal"
https://www.timeout.com/lisbon/clubs/best-jazz-clubs-in-lisbon,The 14 best places to listen to jazz in Lisbon,bar,10,"O Bom, O Mau e O Vilão","Cais do Sodré bar with multiple rooms, jam sessions, and a varied programme that includes jazz concerts.",Top jazz spot from Time Out Lisbon,,,Cais do Sodré,https://www.timeout.com/lisbon/nightlife/o-bom-o-mau-e-o-vilao-1,,https://www.timeout.com/lisbon/clubs/best-jazz-clubs-in-lisbon,https://media.timeout.com/images/103470451/750/422/image.jpg,,38.707422,-9.143548,Photon,"O Bom, O Mau e O Vilão, Cais do Sodré, Lisboa, Portugal"
